@timestamp,Client_IP,Status_code
"Jul 6, 2022 @ 14:36:11.271",172.23.136.29,503
"Jul 6, 2022 @ 14:36:11.271",172.23.136.29,503
"Jul 6, 2022 @ 14:21:05.301",172.23.136.29,503
"Jul 6, 2022 @ 14:17:05.049",172.23.136.29,503
"Jul 6, 2022 @ 14:09:04.556",172.23.136.29,503
"Jul 6, 2022 @ 14:04:09.244",172.23.136.29,503
"Jul 6, 2022 @ 14:04:09.244",172.23.136.29,503
"Jul 6, 2022 @ 14:03:04.186",172.23.136.29,503
"Jul 6, 2022 @ 14:03:04.186",172.23.136.29,503
"Jul 6, 2022 @ 14:02:09.113",172.23.136.29,503
"Jul 6, 2022 @ 13:58:08.884",172.23.136.29,503
"Jul 6, 2022 @ 13:50:08.425",172.23.136.29,503
"Jul 6, 2022 @ 13:39:02.816",172.23.136.29,503
"Jul 6, 2022 @ 13:34:07.494",172.23.136.29,503
"Jul 6, 2022 @ 13:30:07.203",172.23.136.29,503
"Jul 6, 2022 @ 13:30:07.203",172.23.136.29,503
"Jul 6, 2022 @ 13:28:07.062",172.23.136.29,503
"Jul 6, 2022 @ 12:57:10.322",172.23.136.29,503
"Jul 6, 2022 @ 12:57:10.322",172.23.153.234,503
"Jul 6, 2022 @ 12:56:05.284",172.23.153.234,503
"Jul 6, 2022 @ 12:56:05.284",172.23.136.29,503
"Jul 6, 2022 @ 12:55:10.214",172.23.136.29,503
"Jul 6, 2022 @ 12:52:05.027",172.23.136.29,503
"Jul 6, 2022 @ 12:51:09.982",172.23.136.29,503
"Jul 6, 2022 @ 12:51:09.982",172.23.136.29,503
"Jul 6, 2022 @ 12:24:03.259",172.23.136.29,503
"Jul 6, 2022 @ 12:11:02.580",172.23.136.29,503
"Jul 6, 2022 @ 12:11:02.580",172.23.136.29,503
"Jul 6, 2022 @ 12:10:07.515",172.23.136.29,503
"Jul 6, 2022 @ 12:10:07.515",172.23.136.29,503
"Jul 6, 2022 @ 12:08:07.379",172.23.136.29,503
"Jul 6, 2022 @ 12:04:07.149",172.23.136.29,503
"Jul 6, 2022 @ 12:00:06.941",172.23.136.29,503
"Jul 6, 2022 @ 12:00:06.941",172.23.136.29,503
"Jul 6, 2022 @ 11:58:06.827",172.23.136.29,503
"Jul 6, 2022 @ 11:58:06.827",172.23.136.29,503
"Jul 6, 2022 @ 11:58:06.827",172.23.136.29,503
"Jul 6, 2022 @ 11:57:11.759",172.23.153.234,503
"Jul 6, 2022 @ 11:57:11.759",172.23.136.29,503
"Jul 6, 2022 @ 11:56:06.687",172.23.136.29,503
"Jul 6, 2022 @ 11:56:06.687",172.23.136.29,503
"Jul 6, 2022 @ 11:56:06.686",172.23.136.29,503
"Jul 6, 2022 @ 11:56:06.686",172.23.136.29,503
"Jul 6, 2022 @ 11:56:06.686",172.23.136.29,503
"Jul 6, 2022 @ 11:54:06.564",172.23.136.29,503
"Jul 6, 2022 @ 11:54:06.564",172.23.136.29,503
"Jul 6, 2022 @ 11:54:06.564",172.23.136.29,503
"Jul 6, 2022 @ 11:54:06.564",172.23.136.29,503
"Jul 6, 2022 @ 11:49:11.251",172.23.136.29,503
"Jul 6, 2022 @ 11:49:11.251",172.23.136.29,503
"Jul 6, 2022 @ 11:48:06.164",172.23.136.29,503
"Jul 6, 2022 @ 11:48:06.164",172.23.136.29,500
"Jul 6, 2022 @ 11:45:10.981",172.23.136.29,503
"Jul 6, 2022 @ 11:42:05.777",172.23.136.29,503
"Jul 6, 2022 @ 11:41:10.713",172.23.136.29,503
"Jul 6, 2022 @ 11:27:09.880",172.23.136.29,503
"Jul 6, 2022 @ 11:27:09.880",172.23.136.29,503
"Jul 6, 2022 @ 11:17:09.244",172.23.136.29,503
"Jul 6, 2022 @ 11:07:08.608",172.23.136.29,503
"Jul 6, 2022 @ 11:05:08.486",172.23.136.29,503
"Jul 6, 2022 @ 11:02:03.304",172.23.136.29,503
"Jul 6, 2022 @ 11:01:08.242",172.23.136.29,503
"Jul 6, 2022 @ 10:59:08.098",172.23.136.29,503
"Jul 6, 2022 @ 10:54:02.751",172.23.136.29,503
"Jul 6, 2022 @ 10:54:02.751",172.23.136.29,503
"Jul 6, 2022 @ 10:52:02.694",172.23.136.29,503
"Jul 6, 2022 @ 10:52:02.694",172.23.136.29,503
"Jul 6, 2022 @ 10:52:02.694",172.23.136.29,503
"Jul 6, 2022 @ 10:12:05.282",172.23.136.29,503
"Jul 6, 2022 @ 08:13:03.841",172.23.136.29,503
"Jul 6, 2022 @ 07:56:07.744",172.23.136.29,500
"Jul 5, 2022 @ 23:01:59.144",172.23.136.29,503
"Jul 5, 2022 @ 21:53:54.879",172.23.153.241,503
"Jul 5, 2022 @ 21:53:54.879",172.23.153.241,503
"Jul 5, 2022 @ 21:50:59.702",172.23.136.29,503
"Jul 5, 2022 @ 21:33:03.692",172.23.136.29,503
"Jul 5, 2022 @ 21:33:03.692",172.23.136.29,503
"Jul 5, 2022 @ 21:33:03.692",172.23.136.29,503
"Jul 5, 2022 @ 20:22:59.470",172.23.136.29,503
"Jul 5, 2022 @ 20:22:59.470",172.23.136.29,503
"Jul 5, 2022 @ 20:22:59.470",172.23.136.29,503
"Jul 5, 2022 @ 20:12:03.820",172.23.136.29,503
"Jul 5, 2022 @ 20:02:03.193",172.23.136.29,503
"Jul 5, 2022 @ 19:26:57.073",172.23.136.29,503
"Jul 5, 2022 @ 19:22:56.807",172.23.136.29,503
"Jul 5, 2022 @ 19:16:01.409",172.23.136.29,503
"Jul 5, 2022 @ 19:14:56.333",172.23.136.29,503
"Jul 5, 2022 @ 19:14:01.291",172.23.136.29,503
"Jul 5, 2022 @ 19:02:55.653",172.23.136.29,503
"Jul 5, 2022 @ 18:56:00.373",172.23.136.29,503
"Jul 5, 2022 @ 18:50:00.062",172.23.136.29,503
"Jul 5, 2022 @ 18:50:00.062",172.23.136.29,503
"Jul 5, 2022 @ 18:50:00.062",172.23.136.29,503
"Jul 5, 2022 @ 18:48:54.976",172.23.136.29,503
"Jul 5, 2022 @ 18:48:54.976",172.23.136.29,503
"Jul 5, 2022 @ 18:47:59.888",172.23.136.29,503
"Jul 5, 2022 @ 18:46:54.829",172.23.136.29,503
"Jul 5, 2022 @ 18:46:54.829",172.23.136.29,503
"Jul 5, 2022 @ 18:46:54.829",172.23.136.29,503
"Jul 5, 2022 @ 18:45:59.777",172.23.136.29,503
"Jul 5, 2022 @ 18:45:59.776",172.23.136.29,503
"Jul 5, 2022 @ 18:45:59.776",172.23.136.29,503
"Jul 5, 2022 @ 18:45:59.776",172.23.136.29,503
"Jul 5, 2022 @ 18:45:59.776",172.23.136.29,503
"Jul 5, 2022 @ 18:45:59.776",172.23.136.29,503
"Jul 5, 2022 @ 18:44:54.706",172.23.136.29,503
"Jul 5, 2022 @ 18:44:54.706",172.23.136.29,503
"Jul 5, 2022 @ 18:44:54.705",172.23.136.29,503
"Jul 5, 2022 @ 18:33:04.111",172.23.136.29,503
"Jul 5, 2022 @ 18:31:03.948",172.23.136.29,503
"Jul 5, 2022 @ 18:11:02.540",172.23.136.29,503
"Jul 5, 2022 @ 18:09:57.487",172.23.136.29,503
"Jul 5, 2022 @ 18:03:57.129",172.23.136.29,503
"Jul 5, 2022 @ 17:51:01.226",172.23.136.29,503
"Jul 5, 2022 @ 17:49:56.174",172.23.136.29,503
"Jul 5, 2022 @ 17:49:01.115",172.23.136.29,503
"Jul 5, 2022 @ 17:47:01.023",172.23.136.29,503
"Jul 5, 2022 @ 17:47:01.023",172.23.136.29,503
"Jul 5, 2022 @ 17:43:55.810",172.23.136.29,503
"Jul 5, 2022 @ 17:43:00.762",172.23.136.29,503
"Jul 5, 2022 @ 17:41:55.706",172.23.136.29,503
"Jul 5, 2022 @ 17:41:55.706",172.23.136.29,503
"Jul 5, 2022 @ 17:41:55.706",172.23.136.29,503
"Jul 5, 2022 @ 17:39:55.553",172.23.136.29,503
"Jul 5, 2022 @ 17:39:55.553",172.23.136.29,503
"Jul 5, 2022 @ 17:39:00.510",172.23.136.29,503
"Jul 5, 2022 @ 17:39:00.510",172.23.136.29,503
"Jul 5, 2022 @ 17:37:55.425",172.23.136.29,503
"Jul 5, 2022 @ 17:37:55.425",172.23.136.29,503
"Jul 5, 2022 @ 17:37:55.425",172.23.136.29,503
"Jul 5, 2022 @ 17:33:00.159",172.23.136.29,503
"Jul 5, 2022 @ 17:33:00.159",172.23.136.29,503
"Jul 5, 2022 @ 17:33:00.159",172.23.136.29,503
"Jul 5, 2022 @ 17:33:00.159",172.23.136.29,503
"Jul 5, 2022 @ 17:31:55.102",172.23.136.29,503
"Jul 5, 2022 @ 17:31:55.102",172.23.136.29,503
"Jul 5, 2022 @ 17:27:54.874",172.23.136.29,503
"Jul 5, 2022 @ 17:24:59.688",172.23.136.29,503
"Jul 5, 2022 @ 17:22:59.537",172.23.136.29,503
"Jul 5, 2022 @ 17:17:54.287",172.23.136.29,503
"Jul 5, 2022 @ 17:17:54.287",172.23.136.29,503
"Jul 5, 2022 @ 17:17:54.287",172.23.136.29,503
"Jul 5, 2022 @ 17:14:04.074",172.23.136.29,503
"Jul 5, 2022 @ 17:10:58.860",172.23.136.29,503
"Jul 5, 2022 @ 17:10:58.860",172.23.136.29,503
"Jul 5, 2022 @ 17:08:58.715",172.23.136.29,503
"Jul 5, 2022 @ 17:06:58.622",172.23.136.29,503
"Jul 5, 2022 @ 17:04:58.490",172.23.136.29,503
"Jul 5, 2022 @ 17:02:58.327",172.23.136.29,503
"Jul 5, 2022 @ 16:56:57.921",172.23.136.29,503
"Jul 5, 2022 @ 16:54:57.827",172.23.136.29,503
"Jul 5, 2022 @ 16:34:01.464",172.23.136.29,503
"Jul 5, 2022 @ 16:22:00.811",172.23.136.29,503
"Jul 5, 2022 @ 16:18:00.524",172.23.136.29,503
"Jul 5, 2022 @ 16:16:00.418",172.23.136.29,503
"Jul 5, 2022 @ 16:16:00.418",172.23.136.29,503
"Jul 5, 2022 @ 16:16:00.418",172.23.136.29,503
"Jul 5, 2022 @ 16:02:54.596",172.23.136.29,503
"Jul 5, 2022 @ 16:00:54.458",172.23.136.29,503
"Jul 5, 2022 @ 15:59:59.394",172.23.136.29,503
"Jul 5, 2022 @ 15:58:54.331",172.23.136.29,503
"Jul 5, 2022 @ 15:58:54.331",172.23.136.29,503
"Jul 5, 2022 @ 15:57:59.293",172.23.136.29,503
"Jul 5, 2022 @ 15:55:59.195",172.23.136.29,503
"Jul 5, 2022 @ 15:55:04.146",172.23.136.29,503
"Jul 5, 2022 @ 15:55:04.146",172.23.136.29,503
"Jul 5, 2022 @ 15:53:59.053",172.23.136.29,503
"Jul 5, 2022 @ 15:53:03.983",172.23.136.29,503
"Jul 5, 2022 @ 15:51:03.841",172.23.136.29,503
"Jul 5, 2022 @ 15:51:03.841",172.23.136.29,503
"Jul 5, 2022 @ 15:49:58.806",172.23.136.29,503
"Jul 5, 2022 @ 15:49:58.806",172.23.136.29,503
"Jul 5, 2022 @ 15:49:58.806",172.23.136.29,503
"Jul 5, 2022 @ 15:35:58.089",172.23.136.29,503
"Jul 5, 2022 @ 15:33:57.979",172.23.136.29,503
"Jul 5, 2022 @ 15:31:57.861",172.23.136.29,503
"Jul 5, 2022 @ 15:29:57.744",172.23.136.29,503
"Jul 5, 2022 @ 15:29:02.691",172.23.136.29,503
"Jul 5, 2022 @ 15:27:57.612",172.23.136.29,503
"Jul 5, 2022 @ 15:25:57.500",172.23.136.29,503
"Jul 5, 2022 @ 15:21:02.163",172.23.136.29,503
"Jul 5, 2022 @ 15:13:01.686",172.23.136.29,503
"Jul 5, 2022 @ 15:13:01.686",172.23.136.29,503
"Jul 5, 2022 @ 15:11:56.628",172.23.136.29,503
"Jul 5, 2022 @ 15:05:56.274",172.23.136.29,503
"Jul 5, 2022 @ 15:01:00.922",172.23.136.29,503
"Jul 5, 2022 @ 14:53:00.382",172.23.136.29,503
"Jul 5, 2022 @ 14:49:55.174",172.23.136.29,503
"Jul 5, 2022 @ 14:43:54.858",172.23.136.29,503
"Jul 5, 2022 @ 14:33:54.235",172.23.136.29,503
"Jul 5, 2022 @ 14:32:59.191",172.23.136.29,503
"Jul 5, 2022 @ 14:26:58.820",172.23.136.29,503
"Jul 5, 2022 @ 14:16:58.278",172.23.136.29,503
"Jul 5, 2022 @ 14:12:58.091",172.23.136.29,503
